video_id,filename,creation_time,duration_s,fps,width,height,frames,frame_count_source,file_size_bytes
"GX010043","GX010043.MP4","2022-02-25T16:23:55.000000Z",383.900000,200.000000,1920,1080,76766,"ffprobe_nb_frames",2894756038
"GX010044","GX010044.MP4","2022-02-25T16:34:23.000000Z",74.410000,200.000000,1920,1080,14874,"ffprobe_nb_frames",560628658
"GX010045","GX010045.MP4","2022-02-25T16:40:11.000000Z",75.700000,200.000000,1920,1080,15134,"ffprobe_nb_frames",570823797
"GX010046","GX010046.MP4","2022-02-25T16:45:34.000000Z",76.160000,200.000000,1920,1080,15228,"ffprobe_nb_frames",574524445
"GX010047","GX010047.MP4","2022-02-25T16:52:27.000000Z",69.890000,200.000000,1920,1080,13974,"ffprobe_nb_frames",527339267
"GX010048","GX010048.MP4","2022-02-25T16:58:19.000000Z",75.635000,200.000000,1920,1080,15122,"ffprobe_nb_frames",570621849
"GX010049","GX010049.MP4","2022-02-25T17:03:50.000000Z",75.520000,200.000000,1920,1080,15100,"ffprobe_nb_frames",569195497
"GX010050","GX010050.MP4","2022-02-25T17:08:51.000000Z",74.840000,200.000000,1920,1080,14964,"ffprobe_nb_frames",564649514
"GX010051","GX010051.MP4","2022-02-25T17:14:27.000000Z",74.325333,200.000000,1920,1080,14861,"ffprobe_nb_frames",560576146
"GX010052","GX010052.MP4","2022-02-25T17:20:13.000000Z",74.945000,200.000000,1920,1080,14985,"ffprobe_nb_frames",565432212
"GX010053","GX010053.MP4","2022-02-25T17:25:29.000000Z",71.515000,200.000000,1920,1080,14298,"ffprobe_nb_frames",539140569
"GX010054","GX010054.MP4","2022-02-25T18:18:24.000000Z",79.957333,200.000000,1920,1080,15988,"ffprobe_nb_frames",602838351
"GX010055","GX010055.MP4","2022-03-01T14:57:46.000000Z",531.008000,200.000000,1920,1080,106200,"ffprobe_nb_frames",4004197411
"GX010081","GX010081.MP4","2022-03-06T18:54:31.000000Z",441.340000,200.000000,1920,1080,88252,"ffprobe_nb_frames",3327814827
"GX010090","GX010090.MP4","2022-03-14T20:44:28.000000Z",69.960000,200.000000,1920,1080,13978,"ffprobe_nb_frames",527064206
"GX010091","GX010091.MP4","2022-03-14T20:51:31.000000Z",80.805000,200.000000,1920,1080,16146,"ffprobe_nb_frames",608900150
"GX010092","GX010092.MP4","2022-03-14T20:58:10.000000Z",74.855000,200.000000,1920,1080,14964,"ffprobe_nb_frames",564572119
"GX010093","GX010093.MP4","2022-03-14T21:04:52.000000Z",75.175000,200.000000,1920,1080,15019,"ffprobe_nb_frames",566245655
"GX010094","GX010094.MP4","2022-03-14T21:11:32.000000Z",75.430000,200.000000,1920,1080,15070,"ffprobe_nb_frames",568123314
"GX010095","GX010095.MP4","2022-03-14T21:26:08.000000Z",74.520000,200.000000,1920,1080,14891,"ffprobe_nb_frames",561634592
"GX010096","GX010096.MP4","2022-03-14T21:34:29.000000Z",490.620000,200.000000,1920,1080,98108,"ffprobe_nb_frames",3699250227
"GX010097","GX010097.MP4","2022-03-14T21:55:36.000000Z",531.008000,200.000000,1920,1080,106200,"ffprobe_nb_frames",4004230733
"GX010098","GX010098.MP4","2022-03-14T22:16:55.000000Z",531.008000,200.000000,1920,1080,106200,"ffprobe_nb_frames",4004477871
"GX010099","GX010099.MP4","2022-03-15T20:16:32.000000Z",74.780000,200.000000,1920,1080,14942,"ffprobe_nb_frames",563777426
"GX010100","GX010100.MP4","2022-03-15T20:23:02.000000Z",74.465000,200.000000,1920,1080,14887,"ffprobe_nb_frames",561877181
"GX010101","GX010101.MP4","2022-03-15T20:43:32.000000Z",75.190000,200.000000,1920,1080,15023,"ffprobe_nb_frames",566963743
"GX010102","GX010102.MP4","2022-03-15T20:54:51.000000Z",75.215000,200.000000,1920,1080,15028,"ffprobe_nb_frames",567009893
"GX010103","GX010103.MP4","2022-03-15T21:09:20.000000Z",74.065000,200.000000,1920,1080,14806,"ffprobe_nb_frames",558449289
"GX010104","GX010104.MP4","2022-03-15T21:20:02.000000Z",74.800000,200.000000,1920,1080,14947,"ffprobe_nb_frames",563760162
"GX010105","GX010105.MP4","2022-03-15T21:31:33.000000Z",75.525000,200.000000,1920,1080,15092,"ffprobe_nb_frames",569393359
"GX010106","GX010106.MP4","2022-03-15T21:47:26.000000Z",524.870000,200.000000,1920,1080,104961,"ffprobe_nb_frames",3957618725
"GX010107","GX010107.MP4","2022-03-15T22:02:36.000000Z",76.025000,200.000000,1920,1080,15198,"ffprobe_nb_frames",573179541
"GX010108","GX010108.MP4","2022-03-15T22:14:34.000000Z",531.008000,200.000000,1920,1080,106200,"ffprobe_nb_frames",4004293883
"GX010109","GX010109.MP4","2022-03-15T22:37:01.000000Z",75.260000,200.000000,1920,1080,15036,"ffprobe_nb_frames",566956158
"GX010110","GX010110.MP4","2022-03-15T22:48:21.000000Z",69.880000,200.000000,1920,1080,13961,"ffprobe_nb_frames",526538279
"GX010111","GX010111.MP4","2022-03-15T22:58:34.000000Z",74.725000,200.000000,1920,1080,14930,"ffprobe_nb_frames",563056748
"GX010112","GX010112.MP4","2022-03-15T23:08:23.000000Z",75.685000,200.000000,1920,1080,15122,"ffprobe_nb_frames",570424778
"GX010113","GX010113.MP4","2022-03-16T22:00:18.000000Z",74.335000,200.000000,1920,1080,14853,"ffprobe_nb_frames",560302594
"GX010114","GX010114.MP4","2022-03-16T22:15:39.000000Z",73.255000,200.000000,1920,1080,14635,"ffprobe_nb_frames",551902036
"GX010115","GX010115.MP4","2022-03-16T22:22:13.000000Z",74.930000,200.000000,1920,1080,14972,"ffprobe_nb_frames",564752996
"GX010116","GX010116.MP4","2022-03-16T22:37:18.000000Z",74.320000,200.000000,1920,1080,14849,"ffprobe_nb_frames",560006258
"GX010117","GX010117.MP4","2022-03-16T22:44:42.000000Z",531.008000,200.000000,1920,1080,106200,"ffprobe_nb_frames",4004492094
"GX010118","GX010118.MP4","2022-03-16T23:03:37.000000Z",74.980000,200.000000,1920,1080,14981,"ffprobe_nb_frames",564934639
"GX010119","GX010119.MP4","2022-03-16T23:10:14.000000Z",75.040000,200.000000,1920,1080,14994,"ffprobe_nb_frames",565428341
"GX010122","GX010122.MP4","2022-04-04T17:24:34.000000Z",74.950000,200.000000,1920,1080,14977,"ffprobe_nb_frames",564683576
"GX010123","GX010123.MP4","2022-04-04T17:30:52.000000Z",75.275000,200.000000,1920,1080,15049,"ffprobe_nb_frames",567625111
"GX010124","GX010124.MP4","2022-04-04T17:35:40.000000Z",76.875000,200.000000,1920,1080,15361,"ffprobe_nb_frames",579425879
"GX010125","GX010125.MP4","2022-04-04T17:41:33.000000Z",74.255000,200.000000,1920,1080,14836,"ffprobe_nb_frames",559787448
"GX010126","GX010126.MP4","2022-04-04T17:47:17.000000Z",75.985000,200.000000,1920,1080,15190,"ffprobe_nb_frames",573075223
"GX010127","GX010127.MP4","2022-04-04T17:52:14.000000Z",380.595000,200.000000,1920,1080,76105,"ffprobe_nb_frames",2869876494
"GX010128","GX010128.MP4","2022-04-04T18:02:34.000000Z",75.515000,200.000000,1920,1080,15087,"ffprobe_nb_frames",569200659
"GX010129","GX010129.MP4","2022-04-04T18:10:23.000000Z",531.008000,200.000000,1920,1080,106200,"ffprobe_nb_frames",4004586872
"GX010130","GX010130.MP4","2022-04-04T22:44:47.000000Z",401.745000,200.000000,1920,1080,80333,"ffprobe_nb_frames",3028831224
"GX010131","GX010131.MP4","2022-04-04T22:55:10.000000Z",369.710000,200.000000,1920,1080,73929,"ffprobe_nb_frames",2787501054
"GX010132","GX010132.MP4","2022-04-04T23:05:05.000000Z",70.390000,200.000000,1920,1080,14063,"ffprobe_nb_frames",530368774
"GX010133","GX010133.MP4","2022-04-04T23:09:56.000000Z",74.920000,200.000000,1920,1080,14968,"ffprobe_nb_frames",564615299
"GX010134","GX010134.MP4","2022-04-04T23:15:00.000000Z",79.960000,200.000000,1920,1080,15979,"ffprobe_nb_frames",602719332
"GX010135","GX010135.MP4","2022-04-04T23:19:56.000000Z",76.125000,200.000000,1920,1080,15211,"ffprobe_nb_frames",573820305
"GX010136","GX010136.MP4","2022-04-06T14:49:25.000000Z",74.930000,200.000000,1920,1080,14972,"ffprobe_nb_frames",564781170
"GX010137","GX010137.MP4","2022-04-06T14:54:46.000000Z",74.770000,200.000000,1920,1080,14938,"ffprobe_nb_frames",563525383
"GX010138","GX010138.MP4","2022-04-06T15:00:06.000000Z",74.960000,200.000000,1920,1080,14977,"ffprobe_nb_frames",565040107
"GX010139","GX010139.MP4","2022-04-06T15:05:22.000000Z",75.155000,200.000000,1920,1080,15015,"ffprobe_nb_frames",566586981
"GX010140","GX010140.MP4","2022-04-06T15:10:34.000000Z",75.465000,200.000000,1920,1080,15087,"ffprobe_nb_frames",569173299
"GX010141","GX010141.MP4","2022-04-06T15:15:35.000000Z",74.855000,200.000000,1920,1080,14955,"ffprobe_nb_frames",564224166
"GX010142","GX010142.MP4","2022-04-06T15:21:36.000000Z",75.090000,200.000000,1920,1080,15002,"ffprobe_nb_frames",566037160
"GX010143","GX010143.MP4","2022-04-06T15:26:17.000000Z",75.375000,200.000000,1920,1080,15062,"ffprobe_nb_frames",568208321
"GX010144","GX010144.MP4","2022-04-06T15:31:29.000000Z",406.195000,200.000000,1920,1080,81234,"ffprobe_nb_frames",3063219644
"GX010145","GX010145.MP4","2022-04-06T15:49:51.000000Z",75.535000,200.000000,1920,1080,15092,"ffprobe_nb_frames",569533742
"GX010146","GX010146.MP4","2022-04-06T20:30:17.000000Z",66.575000,200.000000,1920,1080,13300,"ffprobe_nb_frames",501479779
"GX010147","GX010147.MP4","2022-04-06T20:41:00.000000Z",70.885000,200.000000,1920,1080,14162,"ffprobe_nb_frames",534346831
"GX010148","GX010148.MP4","2022-04-06T20:51:28.000000Z",80.015000,200.000000,1920,1080,15988,"ffprobe_nb_frames",602838754
"GX010149","GX010149.MP4","2022-04-07T11:48:45.000000Z",417.820000,200.000000,1920,1080,83550,"ffprobe_nb_frames",3150472819
"GX010150","GX010150.MP4","2022-04-07T11:59:49.000000Z",75.105000,200.000000,1920,1080,15006,"ffprobe_nb_frames",566284327
"GX010151","GX010151.MP4","2022-04-07T12:04:37.000000Z",75.810000,200.000000,1920,1080,15147,"ffprobe_nb_frames",571540270
"GX010152","GX010152.MP4","2022-04-07T12:14:39.000000Z",75.420000,200.000000,1920,1080,15070,"ffprobe_nb_frames",568594160
"GX010153","GX010153.MP4","2022-04-07T12:20:39.000000Z",75.755000,200.000000,1920,1080,15134,"ffprobe_nb_frames",570928834
"GX010154","GX010154.MP4","2022-04-07T12:25:37.000000Z",75.805000,200.000000,1920,1080,15147,"ffprobe_nb_frames",571516136
"GX010155","GX010155.MP4","2022-04-07T12:30:29.000000Z",74.805000,200.000000,1920,1080,14947,"ffprobe_nb_frames",564000400
"GX010156","GX010156.MP4","2022-04-07T12:35:18.000000Z",74.800000,200.000000,1920,1080,14947,"ffprobe_nb_frames",563846804
"GX010157","GX010157.MP4","2022-04-07T12:40:22.000000Z",74.530000,200.000000,1920,1080,14891,"ffprobe_nb_frames",561761719
"GX010158","GX010158.MP4","2022-04-07T12:45:20.000000Z",75.090000,200.000000,1920,1080,15002,"ffprobe_nb_frames",565881161
"GX010159","GX010159.MP4","2022-04-07T12:50:18.000000Z",77.045000,200.000000,1920,1080,15395,"ffprobe_nb_frames",580938460
"GX010160","GX010160.MP4","2022-04-07T12:58:18.000000Z",531.008000,200.000000,1920,1080,106200,"ffprobe_nb_frames",4004327010
"GX010161","GX010161.MP4","2022-04-07T13:45:54.000000Z",76.540000,200.000000,1920,1080,15292,"ffprobe_nb_frames",576887207
"GX010162","GX010162.MP4","2022-04-07T13:50:53.000000Z",75.740000,200.000000,1920,1080,15143,"ffprobe_nb_frames",571198255
"GX010163","GX010163.MP4","2022-04-07T13:56:08.000000Z",76.190000,200.000000,1920,1080,15224,"ffprobe_nb_frames",574332587
"GX010164","GX010164.MP4","2022-04-07T14:08:49.000000Z",531.008000,200.000000,1920,1080,106200,"ffprobe_nb_frames",4004534088
"GX010165","GX010165.MP4","2022-04-07T14:30:14.000000Z",75.325000,200.000000,1920,1080,15049,"ffprobe_nb_frames",567762187
"GX010166","GX010166.MP4","2022-04-07T14:40:38.000000Z",77.125000,200.000000,1920,1080,15412,"ffprobe_nb_frames",581091366
"GX010167","GX010167.MP4","2022-04-07T21:17:47.000000Z",74.045000,200.000000,1920,1080,14793,"ffprobe_nb_frames",557963256
"GX010168","GX010168.MP4","2022-04-08T18:07:32.000000Z",77.035000,200.000000,1920,1080,15390,"ffprobe_nb_frames",580776234
"GX010169","GX010169.MP4","2022-04-08T18:16:10.000000Z",80.650000,200.000000,1920,1080,16116,"ffprobe_nb_frames",607777106
"GX010170","GX010170.MP4","2022-04-08T18:21:05.000000Z",74.590000,200.000000,1920,1080,14904,"ffprobe_nb_frames",561974128
"GX010171","GX010171.MP4","2022-04-08T18:26:07.000000Z",74.660000,200.000000,1920,1080,14917,"ffprobe_nb_frames",562898800
"GX010172","GX010172.MP4","2022-04-08T18:31:05.000000Z",75.110000,200.000000,1920,1080,15006,"ffprobe_nb_frames",566275291
"GX010173","GX010173.MP4","2022-04-08T18:38:40.000000Z",81.125000,200.000000,1920,1080,16210,"ffprobe_nb_frames",611458863
"GX010174","GX010174.MP4","2022-04-08T19:00:19.000000Z",74.215000,200.000000,1920,1080,14827,"ffprobe_nb_frames",559210010
"GX010175","GX010175.MP4","2022-04-08T19:10:01.000000Z",531.008000,200.000000,1920,1080,106200,"ffprobe_nb_frames",4004382898
"GX010176","GX010176.MP4","2022-04-08T19:27:23.000000Z",75.185000,200.000000,1920,1080,15023,"ffprobe_nb_frames",566742588
"GX010177","GX010177.MP4","2022-04-08T19:38:56.000000Z",74.475000,200.000000,1920,1080,14878,"ffprobe_nb_frames",561204371
"GX010178","GX010178.MP4","2022-04-08T19:44:11.000000Z",75.300000,200.000000,1920,1080,15045,"ffprobe_nb_frames",567575539
"GX010179","GX010179.MP4","2022-04-08T20:11:16.000000Z",75.105000,200.000000,1920,1080,15006,"ffprobe_nb_frames",566220421
"GX010180","GX010180.MP4","2022-04-08T20:16:15.000000Z",79.950000,200.000000,1920,1080,15975,"ffprobe_nb_frames",602521948
"GX010181","GX010181.MP4","2022-04-08T20:22:24.000000Z",74.810000,200.000000,1920,1080,14947,"ffprobe_nb_frames",563703097
"GX010182","GX010182.MP4","2022-04-08T20:27:00.000000Z",84.690000,200.000000,1920,1080,16922,"ffprobe_nb_frames",638264771
"GX010183","GX010183.MP4","2022-04-08T20:31:38.000000Z",355.780000,200.000000,1920,1080,71143,"ffprobe_nb_frames",2682700665
"GX010184","GX010184.MP4","2022-04-08T20:41:10.000000Z",71.435000,200.000000,1920,1080,14273,"ffprobe_nb_frames",538332578
"GX010185","GX010185.MP4","2022-04-09T17:21:09.000000Z",77.200000,200.000000,1920,1080,15425,"ffprobe_nb_frames",582031138
"GX010186","GX010186.MP4","2022-04-09T17:36:03.000000Z",80.185000,200.000000,1920,1080,16022,"ffprobe_nb_frames",604333531
"GX010187","GX010187.MP4","2022-04-09T17:48:11.000000Z",70.460000,200.000000,1920,1080,14076,"ffprobe_nb_frames",531012335
"GX010188","GX010188.MP4","2022-04-09T18:07:47.000000Z",75.280000,200.000000,1920,1080,15041,"ffprobe_nb_frames",567316129
"GX010189","GX010189.MP4","2022-04-09T18:15:05.000000Z",433.265000,200.000000,1920,1080,86639,"ffprobe_nb_frames",3266892109
"GX010190","GX010190.MP4","2022-04-09T18:27:43.000000Z",69.775000,200.000000,1920,1080,13940,"ffprobe_nb_frames",525521862
"GX010191","GX010191.MP4","2022-04-09T18:37:17.000000Z",79.400000,200.000000,1920,1080,15864,"ffprobe_nb_frames",598365546
"GX010192","GX010192.MP4","2022-04-09T19:01:15.000000Z",76.745000,200.000000,1920,1080,15335,"ffprobe_nb_frames",578660607
"GX010193","GX010193.MP4","2022-04-09T19:10:11.000000Z",365.860000,200.000000,1920,1080,73157,"ffprobe_nb_frames",2758565648
"GX010194","GX010194.MP4","2022-04-09T19:21:14.000000Z",70.895000,200.000000,1920,1080,14166,"ffprobe_nb_frames",534118658
"GX010195","GX010195.MP4","2022-04-11T15:52:32.000000Z",74.975000,200.000000,1920,1080,14981,"ffprobe_nb_frames",564811898
"GX010196","GX010196.MP4","2022-04-11T15:57:28.000000Z",75.045000,200.000000,1920,1080,14994,"ffprobe_nb_frames",565418631
"GX010197","GX010197.MP4","2022-04-11T16:02:22.000000Z",76.920000,200.000000,1920,1080,15369,"ffprobe_nb_frames",579257013
"GX010198","GX010198.MP4","2022-04-11T16:07:12.000000Z",74.810000,200.000000,1920,1080,14947,"ffprobe_nb_frames",563516733
"GX010199","GX010199.MP4","2022-04-11T16:17:17.000000Z",351.770000,200.000000,1920,1080,70349,"ffprobe_nb_frames",2652415028
"GX010200","GX010200.MP4","2022-04-11T16:26:37.000000Z",74.920000,200.000000,1920,1080,14968,"ffprobe_nb_frames",564506808
"GX010201","GX010201.MP4","2022-04-11T16:31:23.000000Z",65.930000,200.000000,1920,1080,13172,"ffprobe_nb_frames",496574377
"GX010202","GX010202.MP4","2022-04-11T16:36:05.000000Z",75.155000,200.000000,1920,1080,15015,"ffprobe_nb_frames",565987889
"GX010203","GX010203.MP4","2022-04-11T17:06:10.000000Z",74.960000,200.000000,1920,1080,14977,"ffprobe_nb_frames",564728332
"GX010204","GX010204.MP4","2022-04-11T17:10:55.000000Z",74.590000,200.000000,1920,1080,14904,"ffprobe_nb_frames",561964817
"GX010205","GX010205.MP4","2022-04-11T17:32:14.000000Z",72.380000,200.000000,1920,1080,14460,"ffprobe_nb_frames",545496398
"GX010206","GX010206.MP4","2022-04-11T17:40:31.000000Z",74.640000,200.000000,1920,1080,14913,"ffprobe_nb_frames",562200237
"GX010207","GX010207.MP4","2022-04-11T17:46:07.000000Z",75.380000,200.000000,1920,1080,15070,"ffprobe_nb_frames",568333099
"GX010208","GX010208.MP4","2022-04-11T18:37:27.000000Z",74.915000,200.000000,1920,1080,14968,"ffprobe_nb_frames",564828442
"GX010209","GX010209.MP4","2022-04-11T18:42:04.000000Z",76.345000,200.000000,1920,1080,15254,"ffprobe_nb_frames",575209362
"GX010210","GX010210.MP4","2022-04-11T18:46:42.000000Z",75.545000,200.000000,1920,1080,15096,"ffprobe_nb_frames",568998160
"GX010211","GX010211.MP4","2022-04-11T18:51:21.000000Z",75.065000,200.000000,1920,1080,15006,"ffprobe_nb_frames",566052395
"GX010212","GX010212.MP4","2022-04-11T18:56:01.000000Z",74.915000,200.000000,1920,1080,14968,"ffprobe_nb_frames",564546153
"GX010213","GX010213.MP4","2022-04-11T19:09:02.000000Z",75.300000,200.000000,1920,1080,15045,"ffprobe_nb_frames",567658813
"GX010214","GX010214.MP4","2022-04-11T19:13:50.000000Z",74.575000,200.000000,1920,1080,14900,"ffprobe_nb_frames",562186741
"GX010215","GX010215.MP4","2022-04-11T19:18:36.000000Z",74.520000,200.000000,1920,1080,14891,"ffprobe_nb_frames",561805926
"GX010216","GX010216.MP4","2022-04-11T19:23:24.000000Z",74.825000,200.000000,1920,1080,14951,"ffprobe_nb_frames",563881448
"GX010217","GX010217.MP4","2022-04-11T19:28:11.000000Z",75.165000,200.000000,1920,1080,15019,"ffprobe_nb_frames",566735538
"GX010218","GX010218.MP4","2022-04-11T19:34:10.000000Z",74.575000,200.000000,1920,1080,14900,"ffprobe_nb_frames",561939656
"GX010219","GX010219.MP4","2022-04-11T19:38:58.000000Z",74.940000,200.000000,1920,1080,14972,"ffprobe_nb_frames",564601128
"GX010220","GX010220.MP4","2022-04-11T19:43:33.000000Z",75.250000,200.000000,1920,1080,15036,"ffprobe_nb_frames",567289292
"GX010221","GX010221.MP4","2022-04-11T19:48:20.000000Z",76.175000,200.000000,1920,1080,15220,"ffprobe_nb_frames",574187441
"GX010222","GX010222.MP4","2022-04-11T19:53:08.000000Z",74.855000,200.000000,1920,1080,14955,"ffprobe_nb_frames",564222529
"GX010223","GX010223.MP4","2022-04-11T19:57:56.000000Z",361.925000,200.000000,1920,1080,72376,"ffprobe_nb_frames",2729257817
"GX010224","GX010224.MP4","2022-04-11T20:07:30.000000Z",75.480000,200.000000,1920,1080,15092,"ffprobe_nb_frames",569344001
"GX010225","GX010225.MP4","2022-04-11T20:12:18.000000Z",75.535000,200.000000,1920,1080,15092,"ffprobe_nb_frames",569345266
"GX010226","GX010226.MP4","2022-04-11T20:17:11.000000Z",69.245000,200.000000,1920,1080,13833,"ffprobe_nb_frames",521998284
"GX010227","GX010227.MP4","2022-04-11T20:22:37.000000Z",75.755000,200.000000,1920,1080,15134,"ffprobe_nb_frames",570714989
"GX010228","GX010228.MP4","2022-04-11T20:27:27.000000Z",74.875000,200.000000,1920,1080,14959,"ffprobe_nb_frames",564366976
"GX010229","GX010229.MP4","2022-04-11T20:32:14.000000Z",75.215000,200.000000,1920,1080,15028,"ffprobe_nb_frames",566949022
"GX010230","GX010230.MP4","2022-04-11T20:37:02.000000Z",74.910000,200.000000,1920,1080,14968,"ffprobe_nb_frames",564665939
"GX010231","GX010231.MP4","2022-04-11T20:41:56.000000Z",69.605000,200.000000,1920,1080,13906,"ffprobe_nb_frames",524738436
"GX010232","GX010232.MP4","2022-04-11T20:46:38.000000Z",75.130000,200.000000,1920,1080,15011,"ffprobe_nb_frames",566409245
"GX010233","GX010233.MP4","2022-04-11T20:51:26.000000Z",364.150000,200.000000,1920,1080,72815,"ffprobe_nb_frames",2745563594
"GX010234","GX010234.MP4","2022-04-11T21:01:02.000000Z",75.280000,200.000000,1920,1080,15041,"ffprobe_nb_frames",567570898
"GX010235","GX010235.MP4","2022-04-11T21:06:00.000000Z",531.008000,200.000000,1920,1080,106200,"ffprobe_nb_frames",4004365465
"GX010236","GX010236.MP4","2022-04-11T21:20:25.000000Z",70.535000,200.000000,1920,1080,14093,"ffprobe_nb_frames",531763589
"GX010237","GX010237.MP4","2022-04-11T21:25:09.000000Z",36.330667,200.000000,1920,1080,7262,"ffprobe_nb_frames",274069289
"GX010238","GX010238.MP4","2022-04-13T13:04:08.000000Z",531.008000,200.000000,1920,1080,106200,"ffprobe_nb_frames",4004568350
"GX010239","GX010239.MP4","2022-04-13T19:27:23.000000Z",358.910000,200.000000,1920,1080,71766,"ffprobe_nb_frames",2706123299
"GX010240","GX010240.MP4","2022-04-13T19:36:51.000000Z",75.140000,200.000000,1920,1080,15015,"ffprobe_nb_frames",566130444
"GX010241","GX010241.MP4","2022-04-13T19:41:36.000000Z",75.875000,200.000000,1920,1080,15160,"ffprobe_nb_frames",572004633
"GX010242","GX010242.MP4","2022-04-13T19:46:21.000000Z",531.008000,200.000000,1920,1080,106200,"ffprobe_nb_frames",4004329556
"GX010243","GX010243.MP4","2022-04-13T20:19:34.000000Z",531.008000,200.000000,1920,1080,106200,"ffprobe_nb_frames",4004255537
"GX010244","GX010244.MP4","2022-04-13T21:11:31.000000Z",357.200000,200.000000,1920,1080,71425,"ffprobe_nb_frames",2693308444
"GX010245","GX010245.MP4","2022-04-13T21:53:46.000000Z",75.980000,200.000000,1920,1080,15181,"ffprobe_nb_frames",572707377
"GX010246","GX010246.MP4","2022-04-13T21:58:29.000000Z",531.008000,200.000000,1920,1080,106200,"ffprobe_nb_frames",4004226604
"GX010247","GX010247.MP4","2022-04-14T18:04:09.000000Z",76.255000,200.000000,1920,1080,15237,"ffprobe_nb_frames",574470944
"GX010248","GX010248.MP4","2022-04-14T18:08:56.000000Z",531.008000,200.000000,1920,1080,106200,"ffprobe_nb_frames",4004241226
"GX010249","GX010249.MP4","2022-04-14T18:23:12.000000Z",75.675000,200.000000,1920,1080,15122,"ffprobe_nb_frames",570234147
"GX010250","GX010250.MP4","2022-04-14T18:27:58.000000Z",531.008000,200.000000,1920,1080,106200,"ffprobe_nb_frames",4004315114
"GX010251","GX010251.MP4","2022-04-15T14:52:26.000000Z",74.365000,200.000000,1920,1080,14857,"ffprobe_nb_frames",560091213
"GX010252","GX010252.MP4","2022-04-15T15:02:02.000000Z",76.750000,200.000000,1920,1080,15335,"ffprobe_nb_frames",578122251
"GX010253","GX010253.MP4","2022-04-15T15:06:51.000000Z",531.008000,200.000000,1920,1080,106200,"ffprobe_nb_frames",4004612287
"GX010254","GX010254.MP4","2022-04-15T15:21:17.000000Z",531.008000,200.000000,1920,1080,106200,"ffprobe_nb_frames",4004091296
"GX010255","GX010255.MP4","2022-04-15T21:58:23.000000Z",70.425000,200.000000,1920,1080,14072,"ffprobe_nb_frames",530703998
"GX010256","GX010256.MP4","2022-04-15T22:03:01.000000Z",79.960000,200.000000,1920,1080,15979,"ffprobe_nb_frames",602587546
"GX010257","GX010257.MP4","2022-04-15T22:07:49.000000Z",70.310000,200.000000,1920,1080,14046,"ffprobe_nb_frames",529838147
"GX010258","GX010258.MP4","2022-04-15T22:12:27.000000Z",75.720000,200.000000,1920,1080,15130,"ffprobe_nb_frames",570388356
"GX010259","GX010259.MP4","2022-04-15T22:17:10.000000Z",74.770000,200.000000,1920,1080,14938,"ffprobe_nb_frames",563670402
"GX010260","GX010260.MP4","2022-04-15T22:21:54.000000Z",78.685000,200.000000,1920,1080,15723,"ffprobe_nb_frames",593189463
"GX010261","GX010261.MP4","2022-04-15T22:31:18.000000Z",358.565000,200.000000,1920,1080,71698,"ffprobe_nb_frames",2703388487
"GX010262","GX010262.MP4","2022-04-15T22:40:43.000000Z",76.320000,200.000000,1920,1080,15250,"ffprobe_nb_frames",575108316
"GX010263","GX010263.MP4","2022-04-16T19:57:37.000000Z",79.960000,200.000000,1920,1080,15979,"ffprobe_nb_frames",602893944
"GX010264","GX010264.MP4","2022-04-16T20:02:22.000000Z",75.550000,200.000000,1920,1080,15096,"ffprobe_nb_frames",569216462
"GX010265","GX010265.MP4","2022-04-16T20:06:55.000000Z",75.410000,200.000000,1920,1080,15066,"ffprobe_nb_frames",568550220
"GX010266","GX010266.MP4","2022-04-16T20:11:39.000000Z",75.150000,200.000000,1920,1080,15015,"ffprobe_nb_frames",566144385
"GX010267","GX010267.MP4","2022-04-16T20:16:30.000000Z",68.915000,200.000000,1920,1080,13769,"ffprobe_nb_frames",519407762
"GX010268","GX010268.MP4","2022-04-16T20:21:13.000000Z",355.535000,200.000000,1920,1080,71092,"ffprobe_nb_frames",2680677256
"GX010269","GX010269.MP4","2022-04-16T20:30:28.000000Z",75.035000,200.000000,1920,1080,14994,"ffprobe_nb_frames",565463526
"GX010270","GX010270.MP4","2022-04-16T20:35:20.000000Z",70.045000,200.000000,1920,1080,13995,"ffprobe_nb_frames",527526644
"GX010271","GX010271.MP4","2022-04-16T20:40:01.000000Z",75.615000,200.000000,1920,1080,15109,"ffprobe_nb_frames",570073687
"GX010272","GX010272.MP4","2022-04-16T20:44:50.000000Z",363.525000,200.000000,1920,1080,72700,"ffprobe_nb_frames",2741283718
"GX010273","GX010273.MP4","2022-04-16T20:54:26.000000Z",75.560000,200.000000,1920,1080,15105,"ffprobe_nb_frames",569708299
"GX010274","GX010274.MP4","2022-04-16T20:59:15.000000Z",364.340000,200.000000,1920,1080,72854,"ffprobe_nb_frames",2746843953
"GX010275","GX010275.MP4","2022-04-16T21:08:54.000000Z",75.995000,200.000000,1920,1080,15186,"ffprobe_nb_frames",573052249
"GX010276","GX010276.MP4","2022-04-16T21:13:44.000000Z",74.980000,200.000000,1920,1080,14981,"ffprobe_nb_frames",564939754
"GX010277","GX010277.MP4","2022-04-16T21:18:33.000000Z",75.055000,200.000000,1920,1080,14998,"ffprobe_nb_frames",565806478
"GX010278","GX010278.MP4","2022-04-16T21:23:27.000000Z",74.750000,200.000000,1920,1080,14934,"ffprobe_nb_frames",563240610
"GX010279","GX010279.MP4","2022-04-16T21:28:17.000000Z",78.965000,200.000000,1920,1080,15779,"ffprobe_nb_frames",595358608
"GX010280","GX010280.MP4","2022-04-16T21:32:59.000000Z",363.770000,200.000000,1920,1080,72739,"ffprobe_nb_frames",2742594210
"GX010281","GX010281.MP4","2022-04-16T21:47:27.000000Z",70.605000,200.000000,1920,1080,14106,"ffprobe_nb_frames",532231435
"GX010282","GX010282.MP4","2022-04-17T17:25:12.000000Z",355.600000,200.000000,1920,1080,71105,"ffprobe_nb_frames",2681156767
"GX010283","GX010283.MP4","2022-04-17T17:34:42.000000Z",71.740000,200.000000,1920,1080,14332,"ffprobe_nb_frames",540562723
"GX010284","GX010284.MP4","2022-04-17T17:39:24.000000Z",74.845000,200.000000,1920,1080,14955,"ffprobe_nb_frames",563953487
"GX010285","GX010285.MP4","2022-04-17T17:44:09.000000Z",74.940000,200.000000,1920,1080,14972,"ffprobe_nb_frames",564364055
"GX010286","GX010286.MP4","2022-04-17T17:48:53.000000Z",80.905000,200.000000,1920,1080,16167,"ffprobe_nb_frames",609575662
"GX010287","GX010287.MP4","2022-04-17T17:53:43.000000Z",75.685000,200.000000,1920,1080,15122,"ffprobe_nb_frames",570058081
"GX010288","GX010288.MP4","2022-04-19T12:04:43.000000Z",75.221333,200.000000,1920,1080,15043,"ffprobe_nb_frames",567107320
"GX010289","GX010289.MP4","2022-04-19T14:29:16.000000Z",77.781333,200.000000,1920,1080,15555,"ffprobe_nb_frames",586522443
"GX010290","GX010290.MP4","2022-04-20T10:16:45.000000Z",40.533333,200.000000,1920,1080,8105,"ffprobe_nb_frames",305860476
"GX010291","GX010291.MP4","2022-04-20T16:26:06.000000Z",75.205000,200.000000,1920,1080,15028,"ffprobe_nb_frames",566907533
"GX010292","GX010292.MP4","2022-04-20T16:30:48.000000Z",74.615000,200.000000,1920,1080,14908,"ffprobe_nb_frames",562081173
"GX010293","GX010293.MP4","2022-04-20T16:35:30.000000Z",50.197333,200.000000,1920,1080,10039,"ffprobe_nb_frames",378251556
"GX010294","GX010294.MP4","2022-04-20T18:37:17.000000Z",75.550000,200.000000,1920,1080,15096,"ffprobe_nb_frames",568951300
"GX010295","GX010295.MP4","2022-04-20T18:41:59.000000Z",75.920000,200.000000,1920,1080,15169,"ffprobe_nb_frames",572064209
"GX010296","GX010296.MP4","2022-04-20T18:46:41.000000Z",358.685000,200.000000,1920,1080,71723,"ffprobe_nb_frames",2704348079
"GX010297","GX010297.MP4","2022-04-20T19:11:20.000000Z",74.615000,200.000000,1920,1080,14908,"ffprobe_nb_frames",561952926
"GX010298","GX010298.MP4","2022-04-20T19:15:57.000000Z",77.500000,200.000000,1920,1080,15484,"ffprobe_nb_frames",584186635
"GX010299","GX010299.MP4","2022-04-20T19:20:42.000000Z",71.185000,200.000000,1920,1080,14221,"ffprobe_nb_frames",536154431
"GX010300","GX010300.MP4","2022-04-20T19:34:50.000000Z",80.505000,200.000000,1920,1080,16086,"ffprobe_nb_frames",606551479
"GX010301","GX010301.MP4","2022-04-20T19:39:46.000000Z",70.620000,200.000000,1920,1080,14110,"ffprobe_nb_frames",532201650
"GX010302","GX010302.MP4","2022-04-20T19:44:20.000000Z",75.270000,200.000000,1920,1080,15041,"ffprobe_nb_frames",567466041
"GX010303","GX010303.MP4","2022-04-20T19:48:56.000000Z",76.520000,200.000000,1920,1080,15288,"ffprobe_nb_frames",576512194
"GX010304","GX010304.MP4","2022-04-20T19:58:26.000000Z",358.925000,200.000000,1920,1080,71770,"ffprobe_nb_frames",2706372601
"GX020055","GX020055.MP4","2022-03-01T14:57:46.000000Z",120.280000,200.000000,1920,1080,24041,"ffprobe_nb_frames",906802543
"GX020097","GX020097.MP4","2022-03-14T21:55:36.000000Z",418.385000,200.000000,1920,1080,83663,"ffprobe_nb_frames",3154711264
"GX020098","GX020098.MP4","2022-03-14T22:16:55.000000Z",531.008000,200.000000,1920,1080,106200,"ffprobe_nb_frames",4004351246
"GX020108","GX020108.MP4","2022-03-15T22:14:34.000000Z",487.215000,200.000000,1920,1080,97427,"ffprobe_nb_frames",3673967703
"GX020117","GX020117.MP4","2022-03-16T22:44:42.000000Z",15.650000,200.000000,1920,1080,3117,"ffprobe_nb_frames",117567457
"GX020129","GX020129.MP4","2022-04-04T18:10:23.000000Z",531.008000,200.000000,1920,1080,106200,"ffprobe_nb_frames",4004289360
"GX020160","GX020160.MP4","2022-04-07T12:58:18.000000Z",531.008000,200.000000,1920,1080,106200,"ffprobe_nb_frames",4004513205
"GX020164","GX020164.MP4","2022-04-07T14:08:49.000000Z",135.140000,200.000000,1920,1080,27014,"ffprobe_nb_frames",1018716838
"GX020175","GX020175.MP4","2022-04-08T19:10:01.000000Z",245.950000,200.000000,1920,1080,49175,"ffprobe_nb_frames",1854202730
"GX020235","GX020235.MP4","2022-04-11T21:06:00.000000Z",117.165000,200.000000,1920,1080,23418,"ffprobe_nb_frames",883202582
"GX020238","GX020238.MP4","2022-04-13T13:04:08.000000Z",531.008000,200.000000,1920,1080,106200,"ffprobe_nb_frames",4004126751
"GX020242","GX020242.MP4","2022-04-13T19:46:21.000000Z",531.008000,200.000000,1920,1080,106200,"ffprobe_nb_frames",4004155945
"GX020243","GX020243.MP4","2022-04-13T20:19:34.000000Z",385.435000,200.000000,1920,1080,77071,"ffprobe_nb_frames",2906156858
"GX020246","GX020246.MP4","2022-04-13T21:58:29.000000Z",531.008000,200.000000,1920,1080,106200,"ffprobe_nb_frames",4004443693
"GX020248","GX020248.MP4","2022-04-14T18:08:56.000000Z",114.350000,200.000000,1920,1080,22854,"ffprobe_nb_frames",862069806
"GX020250","GX020250.MP4","2022-04-14T18:27:58.000000Z",531.008000,200.000000,1920,1080,106200,"ffprobe_nb_frames",4004363399
"GX020253","GX020253.MP4","2022-04-15T15:06:51.000000Z",121.795000,200.000000,1920,1080,24343,"ffprobe_nb_frames",917711653
"GX020254","GX020254.MP4","2022-04-15T15:21:17.000000Z",531.008000,200.000000,1920,1080,106200,"ffprobe_nb_frames",4004792259
"GX030098","GX030098.MP4","2022-03-14T22:16:55.000000Z",531.000000,200.000000,1920,1080,106200,"ffprobe_nb_frames",4004060814
"GX030129","GX030129.MP4","2022-04-04T18:10:23.000000Z",531.000000,200.000000,1920,1080,106200,"ffprobe_nb_frames",4004307131
"GX030160","GX030160.MP4","2022-04-07T12:58:18.000000Z",531.000000,200.000000,1920,1080,106200,"ffprobe_nb_frames",4004302560
"GX030238","GX030238.MP4","2022-04-13T13:04:08.000000Z",531.000000,200.000000,1920,1080,106200,"ffprobe_nb_frames",4004286894
"GX030242","GX030242.MP4","2022-04-13T19:46:21.000000Z",156.525000,200.000000,1920,1080,31300,"ffprobe_nb_frames",1180249658
"GX030246","GX030246.MP4","2022-04-13T21:58:29.000000Z",531.000000,200.000000,1920,1080,106200,"ffprobe_nb_frames",4004390853
"GX030250","GX030250.MP4","2022-04-14T18:27:58.000000Z",531.000000,200.000000,1920,1080,106200,"ffprobe_nb_frames",4004280735
"GX030254","GX030254.MP4","2022-04-15T15:21:17.000000Z",531.000000,200.000000,1920,1080,106200,"ffprobe_nb_frames",4004005940
"GX040098","GX040098.MP4","2022-03-14T22:16:55.000000Z",531.008000,200.000000,1920,1080,106200,"ffprobe_nb_frames",4004569825
"GX040129","GX040129.MP4","2022-04-04T18:10:23.000000Z",531.008000,200.000000,1920,1080,106200,"ffprobe_nb_frames",4004331962
"GX040160","GX040160.MP4","2022-04-07T12:58:18.000000Z",531.008000,200.000000,1920,1080,106200,"ffprobe_nb_frames",4004316023
"GX040238","GX040238.MP4","2022-04-13T13:04:08.000000Z",531.008000,200.000000,1920,1080,106200,"ffprobe_nb_frames",4004229113
"GX040246","GX040246.MP4","2022-04-13T21:58:29.000000Z",531.008000,200.000000,1920,1080,106200,"ffprobe_nb_frames",4004059478
"GX040250","GX040250.MP4","2022-04-14T18:27:58.000000Z",531.008000,200.000000,1920,1080,106200,"ffprobe_nb_frames",4004180011
"GX040254","GX040254.MP4","2022-04-15T15:21:17.000000Z",193.130667,200.000000,1920,1080,38623,"ffprobe_nb_frames",1456691266
"GX050098","GX050098.MP4","2022-03-14T22:16:55.000000Z",531.008000,200.000000,1920,1080,106200,"ffprobe_nb_frames",4004083801
"GX050129","GX050129.MP4","2022-04-04T18:10:23.000000Z",531.008000,200.000000,1920,1080,106200,"ffprobe_nb_frames",4004371351
"GX050160","GX050160.MP4","2022-04-07T12:58:18.000000Z",522.345000,200.000000,1920,1080,104455,"ffprobe_nb_frames",3938619123
"GX050238","GX050238.MP4","2022-04-13T13:04:08.000000Z",300.565333,200.000000,1920,1080,60112,"ffprobe_nb_frames",2266679813
"GX050246","GX050246.MP4","2022-04-13T21:58:29.000000Z",531.008000,200.000000,1920,1080,106200,"ffprobe_nb_frames",4004585735
"GX050250","GX050250.MP4","2022-04-14T18:27:58.000000Z",531.008000,200.000000,1920,1080,106200,"ffprobe_nb_frames",4004534760
"GX060098","GX060098.MP4","2022-03-14T22:16:55.000000Z",531.000000,200.000000,1920,1080,106200,"ffprobe_nb_frames",4004749628
"GX060129","GX060129.MP4","2022-04-04T18:10:23.000000Z",531.000000,200.000000,1920,1080,106200,"ffprobe_nb_frames",4003728616
"GX060246","GX060246.MP4","2022-04-13T21:58:29.000000Z",185.706667,200.000000,1920,1080,37141,"ffprobe_nb_frames",1400552917
"GX060250","GX060250.MP4","2022-04-14T18:27:58.000000Z",531.000000,200.000000,1920,1080,106200,"ffprobe_nb_frames",4004301643
"GX070098","GX070098.MP4","2022-03-14T22:16:55.000000Z",369.962667,200.000000,1920,1080,73990,"ffprobe_nb_frames",2789473483
"GX070129","GX070129.MP4","2022-04-04T18:10:23.000000Z",531.008000,200.000000,1920,1080,106200,"ffprobe_nb_frames",4004485048
"GX070250","GX070250.MP4","2022-04-14T18:27:58.000000Z",531.008000,200.000000,1920,1080,106200,"ffprobe_nb_frames",4004236177
"GX080129","GX080129.MP4","2022-04-04T18:10:23.000000Z",531.000000,200.000000,1920,1080,106200,"ffprobe_nb_frames",4004668811
"GX080250","GX080250.MP4","2022-04-14T18:27:58.000000Z",531.000000,200.000000,1920,1080,106200,"ffprobe_nb_frames",4004421534
"GX090129","GX090129.MP4","2022-04-04T18:10:23.000000Z",531.008000,200.000000,1920,1080,106200,"ffprobe_nb_frames",4004176185
"GX090250","GX090250.MP4","2022-04-14T18:27:58.000000Z",531.008000,200.000000,1920,1080,106200,"ffprobe_nb_frames",4004253532
"GX100129","GX100129.MP4","2022-04-04T18:10:23.000000Z",531.008000,200.000000,1920,1080,106200,"ffprobe_nb_frames",4004580375
"GX100250","GX100250.MP4","2022-04-14T18:27:58.000000Z",177.180000,200.000000,1920,1080,35436,"ffprobe_nb_frames",1336102509
"GX110129","GX110129.MP4","2022-04-04T18:10:23.000000Z",190.335000,200.000000,1920,1080,38067,"ffprobe_nb_frames",1435275964
